ID,Date,Description,Priorite
INC00000001,2023-01-15,Blocage validation virement SWIFT - client corporate bloqué sur transfert international,CRITIQUE
INC00000002,2023-02-28,Panne générale système de paiement instantané - tous les virements instantanés échouent,CRITIQUE
INC00000003,2023-03-12,Incident SAB : échec validation multiple comptes entreprise - blocage opérations comptables,ELEVE
INC00000004,2023-04-08,Erreur synchronisation base données clients - incohérence soldes sur plusieurs agences,ELEVE
INC00000005,2023-05-22,Latence anormale système monétique - ralentissement transactions cartes bancaires,ELEVE
INC00000006,2023-06-17,Incident core banking : blocage traitement des prélèvements automatiques journaliers,ELEVE
INC00000007,2023-07-03,Dysfonctionnement module garanties internationales - validation documents bloquée,ELEVE
INC00000008,2023-08-14,Problème extraction fichiers SEPA - retard traitement virements européens,ELEVE
INC00000009,2023-09-25,Incident sur SAB : transfert tâche validation crédit immobilier,MODERE
INC00000010,2023-10-11,Demande exécution requête SQL mouvements comptables du 08/10,MODERE
INC00000011,2023-11-07,Blocage changement numéro portable client dans système CRM,MODERE
INC00000012,2023-12-19,Incident validation données temporaires - aucune donnée à modifier,MODERE
INC00000013,2024-01-06,Transfert mail demande habilitation DA agence Rabat,MODERE
INC00000014,2024-02-14,Extraction rapport BMSA - données manquantes période février,MODERE
INC00000015,2024-03-21,Rejets comptables export - format fichier non conforme,MODERE
INC00000016,2024-04-09,Incident SAB : localisation tâche révision dossier crédit,MODERE
INC00000017,2024-05-16,Validation virement BAS - demande transfert mail Casablanca,MODERE
INC00000018,2024-06-02,Problème signatures mandataire - insertion échoue partie gestion,MODERE
INC00000019,2024-07-18,Incident sur process center - tâche validation multiple absente,MODERE
INC00000020,2024-08-24,Demande information core prod - requête AT625.2,MODERE
INC00000021,2024-09-13,Blocage accès SAB changement classe sécurité utilisateur,MODERE
INC00000022,2024-10-29,Chèques non escomptés journée comptable 27/10 - traitement manuel,MODERE
INC00000023,2024-11-05,Incident dossier non chargé process center - validation en attente,MODERE
INC00000024,2024-12-12,Problème mouvements en attente - aucun mouvement à valider affiché,MODERE
INC00000025,2025-01-08,Suppression mouvement comptable - demande correction manuelle,MODERE
INC00000026,2025-02-22,Transfert tâche révision complète dossier entreprise,MODERE
INC00000027,2025-03-17,Blocage validation mise à jour données tiers - timeout système,MODERE
INC00000028,2025-04-04,Demande fichiers formules calcul intérêts - export comptabilité,MODERE
INC00000029,2025-05-11,Incident transfert tâche validation prêt personnel,MODERE
INC00000030,2023-01-28,Erreur McAfee VM S00VL9995015 - mise à jour antivirus échouée,BAS
INC00000031,2023-02-15,Re: annulation habilitation CCAC utilisateur temporaire,BAS
INC00000032,2023-03-09,Demande transfert mail service titres - traitement différé,BAS
INC00000033,2023-04-26,Affectation dossiers vers collaborateur Ghita - redistribution,BAS
INC00000034,2023-05-13,Incident transfert tâche révision - délai standard,BAS
INC00000035,2023-06-30,Demande profil collateral Mehdi - configuration accès,BAS
INC00000036,2023-07-21,Spool EICED001P1 du 19/07 - traitement batch différé,BAS
INC00000037,2023-08-08,Extraction données gratuites package - rapport mensuel,BAS
INC00000038,2023-09-14,AMB120 normaux après CAT non générés journée 12/09,BAS
INC00000039,2023-10-03,Demande accord SAB habilitation DA commerce agence Témara,BAS
INC00000040,2023-11-19,Requête insertion garanties nationales - traitement standard,BAS
INC00000041,2023-12-07,Transfert demande habilitation DA provisoire Casablanca Nord,BAS
INC00000042,2024-01-24,Incident validation données clients - vérification routine,BAS
INC00000043,2024-02-11,Demande extraction rapport mensuel activité agences,BAS
INC00000044,2024-03-28,Problème synchronisation légère base données secondaire,BAS
INC00000045,2024-04-15,Transfert mail juridiction accès - demande information,BAS
INC00000046,2024-05-01,Incident mineur SAB validation standard,BAS
INC00000047,2024-06-18,Demande création profil utilisateur stagiaire,BAS
INC00000048,2024-07-05,Extraction fichier réconciliation quotidienne,BAS
INC00000049,2024-08-22,Problème affichage écran consultation soldes - rafraîchissement,BAS
INC00000050,2024-09-09,Incident transfert document - délai traitement,BAS
INC00000051,2024-10-26,Demande modification paramètres utilisateur,BAS
INC00000052,2024-11-12,Problème impression état comptable - configuration imprimante,BAS
INC00000053,2024-12-29,Incident mineur validation signature électronique,BAS
INC00000054,2025-01-16,Demande accès temporaire module formation,BAS
INC00000055,2025-02-03,Problème connexion VPN utilisateur distant,BAS
INC00000056,2023-01-31,Demande information technique architecture serveur,TRES BAS
INC00000057,2023-02-27,Question configuration poste travail utilisateur,TRES BAS
INC00000058,2023-03-16,Demande documentation procédure sauvegarde,TRES BAS
INC00000059,2023-04-13,Information statut maintenance programmée,TRES BAS
INC00000060,2023-05-29,Question fonctionnement module consultation,TRES BAS
INC00000061,2023-06-25,Demande formation utilisation nouvelle interface,TRES BAS
INC00000062,2023-07-12,Information procédure changement mot de passe,TRES BAS
INC00000063,2023-08-28,Question compatibilité navigateur application web,TRES BAS
INC00000064,2023-09-04,Demande guide utilisateur module comptabilité,TRES BAS
INC00000065,2023-10-21,Information planification mise à jour système,TRES BAS
INC00000066,2023-11-18,Question accès historique transactions client,TRES BAS
INC00000067,2023-12-05,Demande explication fonctionnalité export données,TRES BAS
INC00000068,2024-01-12,Information critères validation automatique,TRES BAS
INC00000069,2024-02-29,Question procédure archivage documents,TRES BAS
INC00000070,2024-03-07,Demande clarification règles métier crédit,TRES BAS
INC00000071,2024-04-23,Information délais traitement standard,TRES BAS
INC00000072,2024-05-10,Question utilisation fonction recherche avancée,TRES BAS
INC00000073,2024-06-27,Demande explication calcul commissions,TRES BAS
INC00000074,2024-07-14,Information procédure escalade incidents,TRES BAS
INC00000075,2024-08-31,Question configuration alerte automatique,TRES BAS
INC00000076,2024-09-17,Demande manuel utilisateur module risque,TRES BAS
INC00000077,2024-10-04,Information horaires service support technique,TRES BAS
INC00000078,2024-11-21,Question procédure demande accès spéciaux,TRES BAS
INC00000079,2024-12-08,Demande formation module gestion portefeuille,TRES BAS
INC00000080,2025-01-25,Information politique sécurité mots de passe,TRES BAS
INC00000081,2025-02-11,Question utilisation fonction export Excel,TRES BAS
INC00000082,2025-03-30,Demande guide configuration écran personnalisé,TRES BAS
INC00000083,2025-04-17,Information procédure validation manuelle,TRES BAS
INC00000084,2025-05-04,Question accès module formation en ligne,TRES BAS
INC00000085,2025-05-21,Demande explication workflow approbation,TRES BAS
INC00000086,2023-02-08,Incident SAB : validation prêt automobile - vérification garanties,MODERE
INC00000087,2023-03-15,Problème extraction données FATCA - rapport trimestriel,MODERE
INC00000088,2023-04-22,Blocage temporaire système de compensation interbancaire,MODERE
INC00000089,2023-05-09,Incident validation dossier crédit consommation,MODERE
INC00000090,2023-06-14,Problème synchronisation agence satellite avec serveur central,MODERE
INC00000091,2023-07-29,Erreur traitement file d'attente virements programmés,MODERE
INC00000092,2023-08-05,Incident SAB : blocage validation ouverture compte professionnel,MODERE
INC00000093,2023-09-12,Problème génération relevés bancaires automatiques,MODERE
INC00000094,2023-10-18,Incident validation opérations de change manuel,MODERE
INC00000095,2023-11-25,Erreur calcul intérêts comptes épargne - correction nécessaire,MODERE
INC00000096,2023-12-02,Problème accès module gestion risque crédit,MODERE
INC00000097,2024-01-19,Incident traitement chèques de banque journée comptable,MODERE
INC00000098,2024-02-26,Blocage validation amendement crédit documentaire,MODERE
INC00000099,2024-03-05,Problème extraction données réglementaires BAM,MODERE
INC00000100,2024-04-12,Incident SAB : transfert dossier entre agences,MODERE
INC00000101,2024-05-28,Erreur validation signature numérique documents,MODERE
INC00000102,2024-06-03,Problème traitement oppositions cartes bancaires,MODERE
INC00000103,2024-07-10,Incident validation garantie hypothécaire,MODERE
INC00000104,2024-08-17,Blocage temporaire module trade finance,MODERE
INC00000105,2024-09-24,Problème génération fichier SWIFT MT940,MODERE
INC00000106,2024-10-01,Incident validation crédit revolving professionnel,MODERE
INC00000107,2024-11-08,Erreur traitement prélèvements SEPA récurrents,MODERE
INC00000108,2024-12-15,Problème accès historique transactions anciennes,MODERE
INC00000109,2025-01-22,Incident SAB : validation fusion comptes clients,MODERE
INC00000110,2025-02-28,Bloc validation amendement ligne de crédit,MODERE
INC00000111,2025-03-06,Problème extraction rapport audit interne,MODERE
INC00000112,2025-04-13,Incident traitement effets de commerce,MODERE
INC00000113,2025-05-20,Erreur validation dossier crédit immobilier social,MODERE
INC00000114,2023-01-17,Demande création utilisateur temporaire stagiaire Agadir,BAS
INC00000115,2023-02-24,Incident mineur impression bordereau remise chèques,BAS
INC00000116,2023-03-03,Problème connexion imprimante réseau agence Salé,BAS
INC00000117,2023-04-10,Demande modification droits accès consultation,BAS
INC00000118,2023-05-27,Incident transfert fichier comptabilité auxiliaire,BAS
INC00000119,2023-06-13,Problème affichage logo personnalisé écran accueil,BAS
INC00000120,2023-07-20,Demande activation module formation nouveaux employés,BAS
INC00000121,2023-08-06,Incident mineur validation code agence correspondant,BAS
INC00000122,2023-09-13,Problème synchronisation agenda électronique,BAS
INC00000123,2023-10-30,Demande installation logiciel analyse financière,BAS
INC00000124,2023-11-16,Incident création profil utilisateur consultant externe,BAS
INC00000125,2023-12-23,Problème configuration messagerie interne,BAS
INC00000126,2024-01-09,Demande accès base documentaire procédures,BAS
INC00000127,2024-02-16,Incident impression étiquettes correspondance client,BAS
INC00000128,2024-03-25,Problème synchronisation contacts téléphoniques,BAS
INC00000129,2024-04-01,Demande formation utilisation scanner documents,BAS
INC00000130,2024-05-18,Incident configuration écran veille automatique,BAS
INC00000131,2024-06-24,Problème accès module calcul simulation crédit,BAS
INC00000132,2024-07-01,Demande création raccourci bureau application,BAS
INC00000133,2024-08-08,Incident mineur validation code produit bancaire,BAS
INC00000134,2024-09-15,Problème configuration alerte email personnalisée,BAS
INC00000135,2024-10-22,Demande installation mise à jour pilote imprimante,BAS
INC00000136,2024-11-29,Incident création modèle document standard,BAS
INC00000137,2024-12-06,Problème synchronisation calendrier partagé équipe,BAS
INC00000138,2025-01-13,Demande configuration notification SMS client,BAS
INC00000139,2025-02-20,Incident mineur export données Excel personnalisé,BAS
INC00000140,2025-03-29,Problème accès module consultation taux change,BAS
INC00000141,2025-04-05,Demande formation nouvelle procédure KYC,BAS
INC00000142,2025-05-12,Incident configuration widget tableau de bord,BAS
INC00000143,2023-02-12,Question fonctionnalité recherche client par critères,TRES BAS
INC00000144,2023-03-21,Demande explication procédure clôture compte dormant,TRES BAS
INC00000145,2023-04-28,Information délai traitement demande crédit particulier,TRES BAS
INC00000146,2023-05-05,Question utilisation fonction import données externes,TRES BAS
INC00000147,2023-06-12,Demande guide utilisation module reporting réglementaire,TRES BAS
INC00000148,2023-07-19,Information procédure escalade dossier litigieux,TRES BAS
INC00000149,2023-08-26,Question configuration filtre recherche avancée,TRES BAS
INC00000150,2023-09-02,Demande explication règles calcul provision risque,TRES BAS
INC00000151,2023-10-09,Information horaire traitement batch nocturne,TRES BAS
INC00000152,2023-11-16,Question procédure validation manuelle exception,TRES BAS
INC00000153,2023-12-23,Demande formation module gestion relation client,TRES BAS
INC00000154,2024-01-30,Information critères éligibilité produit épargne,TRES BAS
INC00000155,2024-02-06,Question utilisation fonction statistique portefeuille,TRES BAS
INC00000156,2024-03-15,Demande guide configuration tableau bord personnalisé,TRES BAS
INC00000157,2024-04-22,Information procédure demande formation spécialisée,TRES BAS
INC00000158,2024-05-29,Question accès module consultation réglementation,TRES BAS
INC00000159,2024-06-05,Demande explication workflow validation crédit,TRES BAS
INC00000160,2024-07-12,Information délai mise à disposition fonds virement,TRES BAS
INC00000161,2024-08-19,Question utilisation fonction export données comptables,TRES BAS
INC00000162,2024-09-26,Demande manuel utilisateur module audit trail,TRES BAS
INC00000163,2024-10-03,Information procédure sauvegarde données utilisateur,TRES BAS
INC00000164,2024-11-10,Question configuration notification événement système,TRES BAS
INC00000165,2024-12-17,Demande formation module analyse performance,TRES BAS
INC00000166,2025-01-24,Information politique archivage documents électroniques,TRES BAS
INC00000167,2025-02-28,Question utilisation fonction recherche historique,TRES BAS
INC00000168,2025-03-07,Demande guide configuration profil utilisateur avancé,TRES BAS
INC00000169,2025-04-14,Information procédure récupération session interrompue,TRES BAS
INC00000170,2025-05-21,Question accès bibliothèque modèles documents,TRES BAS
INC00000171,2023-01-22,Incident SAB : validation crédit équipement agricole,MODERE
INC00000172,2023-02-18,Problème traitement remises cartes commerçants,MODERE
INC00000173,2023-03-27,Erreur validation dossier refinancement hypothécaire,MODERE
INC00000174,2023-04-14,Incident extraction données conformité FATCA/CRS,MODERE
INC00000175,2023-05-31,Blocage temporaire validation transfert Western Union,MODERE
INC00000176,2023-06-07,Problème génération état réconciliation nostro,MODERE
INC00000177,2023-07-24,Incident SAB : transfert autorité signature compte entreprise,MODERE
INC00000178,2023-08-11,Erreur traitement commissions change manuel,MODERE
INC00000179,2023-09-28,Problème validation amendement lettre crédit standby,MODERE
INC00000180,2023-10-15,Incident génération fichier déclaration fiscale,MODERE
INC00000181,2023-11-22,Blocage validation opération titre participation,MODERE
INC00000182,2023-12-09,Problème extraction rapport risque contrepartie,MODERE
INC00000183,2024-01-26,Incident traitement effet avalisation import,MODERE
INC00000184,2024-02-12,Erreur validation crédit documentaire export,MODERE
INC00000185,2024-03-31,Problème synchronisation position change interbancaire,MODERE
INC00000186,2024-04-18,Incident SAB : validation prêt participatif islamique,MODERE
INC00000187,2024-05-25,Blocage traitement garantie première demande,MODERE
INC00000188,2024-06-01,Problème génération bordereau remise LCR,MODERE
INC00000189,2024-07-08,Incident validation dossier crédit syndiqué,MODERE
INC00000190,2024-08-25,Erreur traitement swap devise exotique,MODERE
INC00000191,2024-09-11,Problème extraction données stress test,MODERE
INC00000192,2024-10-28,Incident validation ouverture compte fiduciaire,MODERE
INC00000193,2024-11-14,Blocage traitement ordre bourse international,MODERE
INC00000194,2024-12-21,Problème génération rapport liquidité réglementaire,MODERE
INC00000195,2025-01-07,Incident SAB : transfert dossier succession complexe,MODERE
INC00000196,2025-02-14,Erreur validation crédit structuré entreprise,MODERE
INC00000197,2025-03-23,Problème traitement caution bancaire export,MODERE
INC00000198,2025-04-09,Incident génération état position devises,MODERE
INC00000199,2025-05-16,Blocage validation amendement facilité caisse,MODERE
INC00000200,2023-01-11,Demande création profil utilisateur audit externe,BAS
INC00000201,2023-02-25,Incident impression chèque certifié - bourrage papier,BAS
INC00000202,2023-03-14,Problème accès module consultation historique prêts,BAS
INC00000203,2023-04-29,Demande modification signature électronique utilisateur,BAS
INC00000204,2023-05-16,Incident configuration widget solde temps réel,BAS
INC00000205,2023-06-23,Problème synchronisation données agence mobile,BAS
INC00000206,2023-07-08,Demande installation certificat signature documents,BAS
INC00000207,2023-08-21,Incident mineur validation code swift banque,BAS
INC00000208,2023-09-07,Problème configuration écran double moniteur,BAS
INC00000209,2023-10-24,Demande accès module formation réglementation,BAS
INC00000210,2023-11-11,Incident création template email client,BAS
INC00000211,2023-12-28,Problème synchronisation base données formation,BAS
INC00000212,2024-01-15,Demande activation notification push mobile,BAS
INC00000213,2024-02-02,Incident impression code barre chèque,BAS
INC00000214,2024-03-19,Problème accès historique transaction carte,BAS
INC00000215,2024-04-06,Demande formation système gestion documentaire,BAS
INC00000216,2024-05-23,Incident configuration signature PDF automatique,BAS
INC00000217,2024-06-09,Problème synchronisation planning rendez-vous,BAS
INC00000218,2024-07-26,Demande création raccourci application métier,BAS
INC00000219,2024-08-12,Incident mineur validation IBAN international,BAS
INC00000220,2024-09-29,Problème configuration thème interface utilisateur,BAS
INC00000221,2024-10-16,Demande accès module simulation produit,BAS
INC00000222,2024-11-03,Incident création profil utilisateur saisonnier,BAS
INC00000223,2024-12-20,Problème synchronisation contacts CRM,BAS
INC00000224,2025-01-06,Demande installation plugin navigateur sécurité,BAS
INC00000225,2025-02-23,Incident configuration alerte seuil découvert,BAS
INC00000226,2025-03-12,Problème accès module consultation taux,BAS
INC00000227,2025-04-28,Demande formation nouvelle interface mobile,BAS
INC00000228,2025-05-15,Incident mineur export données client Excel,BAS
INC00000229,2023-02-19,Question procédure validation dossier particulier,TRES BAS
INC00000230,2023-03-26,Demande explication fonctionnalité agenda partagé,TRES BAS
INC00000231,2023-04-11,Information délai traitement opposition chèque,TRES BAS
INC00000232,2023-05-28,Question utilisation module statistique client,TRES BAS
INC00000233,2023-06-14,Demande guide configuration notification email,TRES BAS
INC00000234,2023-07-31,Information procédure demande congé système,TRES BAS
INC00000235,2023-08-17,Question configuration filtre consultation compte,TRES BAS
INC00000236,2023-09-04,Demande explication calcul frais tenue compte,TRES BAS
INC00000237,2023-10-21,Information horaire maintenance hebdomadaire,TRES BAS
INC00000238,2023-11-07,Question procédure récupération mot de passe,TRES BAS
INC00000239,2023-12-24,Demande formation module analyse crédit,TRES BAS
INC00000240,2024-01-10,Information critères validation automatique virement,TRES BAS
INC00000241,2024-02-27,Question utilisation fonction recherche globale,TRES BAS
INC00000242,2024-03-16,Demande guide utilisation scanner chèque,TRES BAS
INC00000243,2024-04-02,Information procédure changement agence rattachement,TRES BAS
INC00000244,2024-05-19,Question accès module consultation réglementation BAM,TRES BAS
INC00000245,2024-06-05,Demande explication workflow validation crédit auto,TRES BAS
INC00000246,2024-07-22,Information délai compensation chèque autre banque,TRES BAS
INC00000247,2024-08-08,Question utilisation fonction export rapport,TRES BAS
INC00000248,2024-09-25,Demande manuel utilisateur module back office,TRES BAS
INC00000249,2024-10-12,Information procédure archivage document client,TRES BAS
INC00000250,2024-11-28,Question configuration widget personnel tableau bord,TRES BAS
INC00000251,2024-12-15,Demande formation module gestion portefeuille entreprise,TRES BAS
INC00000252,2025-01-01,Information politique sécurité accès système,TRES BAS
INC00000253,2025-02-18,Question utilisation fonction calcul simulation,TRES BAS
INC00000254,2025-03-07,Demande guide configuration profil utilisateur,TRES BAS
INC00000255,2025-04-24,Information procédure escalade incident critique,TRES BAS
INC00000256,2025-05-11,Question accès base connaissance procédures,TRES BAS
INC00000257,2023-01-29,Incident SAB : validation crédit promotion immobilière,MODERE
INC00000258,2023-02-15,Problème traitement ordre virement permanent,MODERE
INC00000259,2023-03-04,Erreur validation dossier financement véhicule,MODERE
INC00000260,2023-04-21,Incident extraction données déclaration douane,MODERE
INC00000261,2023-05-08,Blocage temporaire validation crédit-bail mobilier,MODERE
INC00000262,2023-06-25,Problème génération état position trésorerie,MODERE
INC00000263,2023-07-12,Incident SAB : transfert dossier crédit agricole,MODERE
INC00000264,2023-08-29,Erreur traitement commission change comptant,MODERE
INC00000265,2023-09-16,Problème validation ouverture compte association,MODERE
INC00000266,2023-10-03,Incident génération fichier virement salaire,MODERE
INC00000267,2023-11-20,Blocage validation crédit revolving particulier,MODERE
INC00000268,2023-12-07,Problème extraction rapport exposition client,MODERE
INC00000269,2024-01-24,Incident traitement effet escompte commercial,MODERE
INC00000270,2024-02-10,Erreur validation lettre crédit import confirmée,MODERE
INC00000271,2024-03-29,Problème synchronisation cours devise temps réel,MODERE
INC00000272,2024-04-15,Incident SAB : validation prêt personnel fonctionnaire,MODERE
INC00000273,2024-05-02,Blocage traitement garantie bancaire première demande,MODERE
INC00000274,2024-06-19,Problème génération bordereau encaissement effet,MODERE
INC00000275,2024-07-06,Incident validation dossier crédit-bail immobilier,MODERE
INC00000276,2024-08-23,Erreur traitement opération repo interbancaire,MODERE
INC00000277,2024-09-10,Problème extraction données provisioning crédit,MODERE
INC00000278,2024-10-27,Incident validation ouverture compte devise,MODERE
INC00000279,2024-11-13,Blocage traitement mandat SEPA B2B,MODERE
INC00000280,2024-12-30,Problème génération rapport ALM mensuel,MODERE
INC00000281,2025-01-17,Incident SAB : transfert garantie hypothécaire,MODERE
INC00000282,2025-02-03,Erreur validation crédit consommation halal,MODERE
INC00000283,2025-03-22,Problème traitement remboursement anticipé,MODERE
INC00000284,2025-04-08,Incident génération état flux trésorerie,MODERE
INC00000285,2025-05-25,Blocage validation crédit promoteur immobilier,MODERE
INC00000286,2023-01-18,Demande création compte utilisateur consultant,BAS
INC00000287,2023-02-04,Incident impression relevé compte épargne,BAS
INC00000288,2023-03-23,Problème accès module consultation crédit,BAS
INC00000289,2023-04-09,Demande modification profil accès utilisateur,BAS
INC00000290,2023-05-26,Incident configuration widget taux change,BAS
INC00000291,2023-06-12,Problème synchronisation données comptables,BAS
INC00000292,2023-07-29,Demande installation driver signature électronique,BAS
INC00000293,2023-08-15,Incident mineur validation RIB client,BAS
INC00000294,2023-09-01,Problème configuration multi-écran poste,BAS
INC00000295,2023-10-18,Demande accès module formation compliance,BAS
INC00000296,2023-11-04,Incident création modèle contrat standard,BAS
INC00000297,2023-12-21,Problème synchronisation agenda outlook,BAS
INC00000298,2024-01-07,Demande activation alerte SMS solde,BAS
INC00000299,2024-02-24,Incident impression étiquette envoi courrier,BAS
INC00000300,2024-03-12,Problème accès historique mouvement compte,BAS
INC00000301,2024-04-29,Demande formation système workflow validation,BAS
INC00000302,2024-05-15,Incident configuration signature PDF batch,BAS
INC00000303,2024-06-02,Problème synchronisation carnet adresse,BAS
INC00000304,2024-07-19,Demande création macro Excel reporting,BAS
INC00000305,2024-08-05,Incident mineur validation code CNSS,BAS
INC00000306,2024-09-22,Problème configuration proxy internet,BAS
INC00000307,2024-10-09,Demande accès module simulation crédit,BAS
INC00000308,2024-11-26,Incident création profil utilisateur remplaçant,BAS
INC00000309,2024-12-13,Problème synchronisation base client mobile,BAS
INC00000310,2025-01-30,Demande installation extension navigateur,BAS
INC00000311,2025-02-16,Incident configuration notification desktop,BAS
INC00000312,2025-03-05,Problème accès module consultation bourse,BAS
INC00000313,2025-04-22,Demande formation interface bancaire digitale,BAS
INC00000314,2025-05-08,Incident mineur export données comptabilité,BAS
INC00000315,2023-02-13,Question procédure validation mandat prélèvement,TRES BAS
INC00000316,2023-03-02,Demande explication fonctionnalité recherche client,TRES BAS
INC00000317,2023-04-19,Information délai compensation virement SWIFT,TRES BAS
INC00000318,2023-05-06,Question utilisation module calcul provision,TRES BAS
INC00000319,2023-06-23,Demande guide configuration notification mobile,TRES BAS
INC00000320,2023-07-10,Information procédure demande badge accès,TRES BAS
INC00000321,2023-08-27,Question configuration filtre consultation solde,TRES BAS
INC00000322,2023-09-13,Demande explication tarification produit bancaire,TRES BAS
INC00000323,2023-10-30,Information horaire fermeture comptable journalière,TRES BAS
INC00000324,2023-11-17,Question procédure réinitialisation session,TRES BAS
INC00000325,2023-12-04,Demande formation module gestion patrimoine,TRES BAS
INC00000326,2024-01-21,Information critères validation crédit particulier,TRES BAS
INC00000327,2024-02-07,Question utilisation fonction impression lot,TRES BAS
INC00000328,2024-03-26,Demande guide utilisation lecteur chèque,TRES BAS
INC00000329,2024-04-12,Information procédure changement code utilisateur,TRES BAS
INC00000330,2024-05-29,Question accès module consultation taux BCE,TRES BAS
INC00000331,2024-06-15,Demande explication workflow ouverture compte,TRES BAS
INC00000332,2024-07-02,Information délai virement vers compte externe,TRES BAS
INC00000333,2024-08-19,Question utilisation fonction sauvegarde données,TRES BAS
INC00000334,2024-09-05,Demande manuel utilisateur module trade,TRES BAS
INC00000335,2024-10-22,Information procédure backup base données,TRES BAS
INC00000336,2024-11-08,Question configuration widget cours bourse,TRES BAS
INC00000337,2024-12-25,Demande formation module analyse comportementale,TRES BAS
INC00000338,2025-01-12,Information politique mot de passe complexe,TRES BAS
INC00000339,2025-02-28,Question utilisation fonction génération rapport,TRES BAS
INC00000340,2025-03-17,Demande guide configuration dashboard personnel,TRES BAS
INC00000341,2025-04-03,Information procédure déclaration incident sécurité,TRES BAS
INC00000342,2025-05-20,Question accès bibliothèque formation en ligne,TRES BAS
INC00000343,2023-01-25,Incident SAB : validation crédit artisan commerçant,MODERE
INC00000344,2023-02-11,Problème traitement ordre achat titre,MODERE
INC00000345,2023-03-30,Erreur validation dossier financement export,MODERE
INC00000346,2023-04-16,Incident extraction données blanchiment argent,MODERE
INC00000347,2023-05-03,Blocage temporaire validation crédit structuré,MODERE
INC00000348,2023-06-20,Problème génération état consolidation filiale,MODERE
INC00000349,2023-07-07,Incident SAB : transfert dossier succession,MODERE
INC00000350,2023-08-24,Erreur traitement commission virement international,MODERE
INC00000351,2023-09-10,Problème validation ouverture compte mineur,MODERE
INC00000352,2023-10-27,Incident génération fichier déclaration TVA,MODERE
INC00000353,2023-11-13,Blocage validation amendement crédit équipement,MODERE
INC00000354,2023-12-31,Problème extraction rapport concentration risque,MODERE
INC00000355,2024-01-18,Incident traitement warrant pétrolier,MODERE
INC00000356,2024-02-04,Erreur validation crédit documentaire revolving,MODERE
INC00000357,2024-03-23,Problème synchronisation taux swap marché,MODERE
INC00000358,2024-04-10,Incident SAB : validation prêt étudiant garanti,MODERE
INC00000359,2024-05-27,Blocage traitement caution soumission,MODERE
INC00000360,2024-06-13,Problème génération bordereau remise traite,MODERE
INC00000361,2024-07-30,Incident validation dossier crédit-bail équipement,MODERE
INC00000362,2024-08-16,Erreur traitement certificat dépôt négociable,MODERE
INC00000363,2024-09-03,Problème extraction données test résistance,MODERE
INC00000364,2024-10-20,Incident validation ouverture compte joint,MODERE
INC00000365,2024-11-06,Blocage traitement ordre change terme,MODERE
INC00000366,2024-12-23,Problème génération rapport liquidité,MODERE
INC00000367,2025-01-09,Incident SAB : transfert garantie personnelle,MODERE
INC00000368,2025-02-26,Erreur validation crédit habitat social,MODERE
INC00000369,2025-03-15,Problème traitement remise documentaire,MODERE
INC00000370,2025-04-01,Incident génération état réconciliation compte,MODERE
INC00000371,2025-05-18,Blocage validation financement acquisition,MODERE
INC00000372,2023-01-08,Demande création profil superviseur agence,BAS
INC00000373,2023-02-25,Incident impression chèque de voyage,BAS
INC00000374,2023-03-13,Problème accès module consultation devise,BAS
INC00000375,2023-04-30,Demande modification signature numérique,BAS
INC00000376,2023-05-17,Incident configuration alerte découvert autorisé,BAS
INC00000377,2023-06-04,Problème synchronisation données régionales,BAS
INC00000378,2023-07-21,Demande installation certificat authentification,BAS
INC00000379,2023-08-07,Incident mineur validation code postal,BAS
INC00000380,2023-09-24,Problème configuration raccourci clavier,BAS
INC00000381,2023-10-11,Demande accès module formation produit,BAS
INC00000382,2023-11-28,Incident création template rapport standard,BAS
INC00000383,2023-12-15,Problème synchronisation planning équipe,BAS
INC00000384,2024-01-02,Demande activation service SMS banking,BAS
INC00000385,2024-02-19,Incident impression bordereau versement espèces,BAS
INC00000386,2024-03-08,Problème accès historique consultation client,BAS
INC00000387,2024-04-25,Demande formation système gestion électronique,BAS
INC00000388,2024-05-12,Incident configuration horodatage document,BAS
INC00000389,2024-06-29,Problème synchronisation fichier central,BAS
INC00000390,2024-07-16,Demande création shortcut application métier,BAS
INC00000391,2024-08-02,Incident mineur validation numéro compte,BAS
INC00000392,2024-09-19,Problème configuration mode sombre interface,BAS
INC00000393,2024-10-06,Demande accès module calcul rentabilité,BAS
INC00000394,2024-11-23,Incident création profil utilisateur stagiaire,BAS
INC00000395,2024-12-10,Problème synchronisation contact téléphonique,BAS
INC00000396,2025-01-27,Demande installation logiciel signature avancée,BAS
INC00000397,2025-02-13,Incident configuration widget météo financière,BAS
INC00000398,2025-03-02,Problème accès module consultation réglementation,BAS
INC00000399,2025-04-19,Demande formation nouvelle réglementation bancaire,BAS
INC00000400,2025-05-06,Incident mineur export fichier comptable,BAS
INC00000401,2023-02-22,Question procédure validation crédit immobilier,TRES BAS
INC00000402,2023-03-11,Demande explication fonctionnalité agenda intégré,TRES BAS
INC00000403,2023-04-28,Information délai traitement opposition carte,TRES BAS
INC00000404,2023-05-15,Question utilisation module gestion portefeuille,TRES BAS
INC00000405,2023-06-02,Demande guide configuration alerte personnalisée,TRES BAS
INC00000406,2023-07-19,Information procédure demande formation externe,TRES BAS
INC00000407,2023-08-05,Question configuration recherche multicritère,TRES BAS
INC00000408,2023-09-22,Demande explication commission tenue compte,TRES BAS
INC00000409,2023-10-09,Information horaire traitement compensation,TRES BAS
INC00000410,2023-11-26,Question procédure changement mot de passe,TRES BAS
INC00000411,2023-12-13,Demande formation module analyse risque,TRES BAS
INC00000412,2024-01-30,Information critères éligibilité crédit auto,TRES BAS
INC00000413,2024-02-16,Question utilisation fonction tri colonnes,TRES BAS
INC00000414,2024-03-05,Demande guide utilisation calculatrice intégrée,TRES BAS
INC00000415,2024-04-22,Information procédure modification données client,TRES BAS
INC00000416,2024-05-09,Question accès module veille réglementaire,TRES BAS
INC00000417,2024-06-26,Demande explication processus validation manuelle,TRES BAS
INC00000418,2024-07-13,Information délai mise disposition crédit,TRES BAS
INC00000419,2024-08-30,Question utilisation fonction copier-coller avancé,TRES BAS
INC00000420,2024-09-16,Demande manuel utilisateur module treasury,TRES BAS
INC00000421,2024-10-03,Information procédure récupération données perdues,TRES BAS
INC00000422,2024-11-20,Question configuration thème couleur application,TRES BAS
INC00000423,2024-12-07,Demande formation module business intelligence,TRES BAS
INC00000424,2025-01-24,Information politique sauvegarde utilisateur,TRES BAS
INC00000425,2025-02-10,Question utilisation fonction graphique dynamique,TRES BAS
INC00000426,2025-03-29,Demande guide configuration environnement travail,TRES BAS
INC00000427,2025-04-16,Information procédure signalement dysfonctionnement,TRES BAS
INC00000428,2025-05-03,Question accès centre documentation technique,TRES BAS
INC00000429,2023-01-14,Incident SAB : validation crédit micro-entreprise,MODERE
INC00000430,2023-02-01,Problème traitement ordre vente titre,MODERE
INC00000431,2023-03-20,Erreur validation dossier financement navire,MODERE
INC00000432,2023-04-07,Incident extraction données lutte terrorisme,MODERE
INC00000433,2023-05-24,Blocage temporaire validation swap taux,MODERE
INC00000434,2023-06-10,Problème génération état consolidé groupe,MODERE
INC00000435,2023-07-27,Incident SAB : transfert dossier divorce,MODERE
INC00000436,2023-08-13,Erreur traitement commission crédit documentaire,MODERE
INC00000437,2023-09-30,Problème validation ouverture compte entreprise,MODERE
INC00000438,2023-10-17,Incident génération fichier déclaration sociale,MODERE
INC00000439,2023-11-04,Blocage validation restructuration dette,MODERE
INC00000440,2023-12-21,Problème extraction rapport adéquation fonds,MODERE
INC00000441,2024-01-08,Incident traitement crédit bail maritime,MODERE
INC00000442,2024-02-25,Erreur validation garantie export confirmée,MODERE
INC00000443,2024-03-14,Problème synchronisation position comptable,MODERE
INC00000444,2024-04-01,Incident SAB : validation prêt relais immobilier,MODERE
INC00000445,2024-05-18,Blocage traitement lettre garantie première,MODERE
INC00000446,2024-06-04,Problème génération état flux liquidité,MODERE
INC00000447,2024-07-21,Incident validation crédit-bail informatique,MODERE
INC00000448,2024-08-07,Erreur traitement obligation indexée,MODERE
INC00000449,2024-09-24,Problème extraction données modèle interne,MODERE
INC00000450,2024-10-11,Incident validation ouverture compte fiducie,MODERE
INC00000451,2024-11-28,Blocage traitement forward devise émergente,MODERE
INC00000452,2024-12-15,Problème génération rapport solvabilité,MODERE
INC00000453,2025-01-02,Incident SAB : transfert succession internationale,MODERE
INC00000454,2025-02-19,Erreur validation financement vert durable,MODERE
INC00000455,2025-03-08,Problème traitement crédit syndiqué international,MODERE
INC00000456,2025-04-25,Incident génération état GAP liquidité,MODERE
INC00000457,2025-05-12,Blocage validation acquisition participation,MODERE
INC00000458,2023-01-21,Demande création compte formation utilisateur,BAS
INC00000459,2023-02-07,Incident impression accusé réception virement,BAS
INC00000460,2023-03-26,Problème accès module consultation assurance,BAS
INC00000461,2023-04-13,Demande modification paramètre session,BAS
INC00000462,2023-05-30,Incident configuration widget actualité économique,BAS
INC00000463,2023-06-16,Problème synchronisation données comptabilité auxiliaire,BAS
INC00000464,2023-07-03,Demande installation lecteur code barre,BAS
INC00000465,2023-08-20,Incident mineur validation code devise,BAS
INC00000466,2023-09-06,Problème configuration disposition écran,BAS
INC00000467,2023-10-23,Demande accès module formation sécurité,BAS
INC00000468,2023-11-09,Incident création modèle lettre standard,BAS
INC00000469,2023-12-26,Problème synchronisation calendrier partagé service,BAS
INC00000470,2024-01-13,Demande activation notification email transaction,BAS
INC00000471,2024-02-29,Incident impression étiquette adresse client,BAS
INC00000472,2024-03-18,Problème accès archive document numérique,BAS
INC00000473,2024-04-05,Demande formation système notation crédit,BAS
INC00000474,2024-05-22,Incident configuration signature batch automatique,BAS
INC00000475,2024-06-08,Problème synchronisation répertoire téléphonique,BAS
INC00000476,2024-07-25,Demande création widget personnalisé,BAS
INC00000477,2024-08-11,Incident mineur validation identifiant fiscal,BAS
INC00000478,2024-09-28,Problème configuration proxy authentification,BAS
INC00000479,2024-10-15,Demande accès module analyse comportement client,BAS
INC00000480,2024-11-02,Incident création profil utilisateur consultant,BAS
INC00000481,2024-12-19,Problème synchronisation base formation,BAS
INC00000482,2025-01-05,Demande installation codec multimedia,BAS
INC00000483,2025-02-22,Incident configuration notification système,BAS
INC00000484,2025-03-11,Problème accès module consultation économique,BAS
INC00000485,2025-04-28,Demande formation interface web banking,BAS
INC00000486,2025-05-15,Incident mineur génération code client,BAS
INC00000487,2023-02-14,Question procédure validation dossier professionnel,TRES BAS
INC00000488,2023-03-03,Demande explication fonctionnalité recherche avancée client,TRES BAS
INC00000489,2023-04-20,Information délai traitement demande carte,TRES BAS
INC00000490,2023-05-07,Question utilisation module optimisation portefeuille,TRES BAS
INC00000491,2023-06-24,Demande guide configuration dashboard métier,TRES BAS
INC00000492,2023-07-11,Information procédure demande habilitation spéciale,TRES BAS
INC00000493,2023-08-28,Question configuration filtre rapport personnalisé,TRES BAS
INC00000494,2023-09-14,Demande explication tarification service bancaire,TRES BAS
INC00000495,2023-10-01,Information horaire disponibilité service technique,TRES BAS
INC00000496,2023-11-18,Question procédure réactivation compte suspendu,TRES BAS
INC00000497,2023-12-05,Demande formation module conformité réglementaire,TRES BAS
INC00000498,2024-01-22,Information critères validation crédit professionnel,TRES BAS
INC00000499,2024-02-08,Question utilisation fonction fusion document,TRES BAS
INC00000500,2024-03-27,Demande guide utilisation terminal paiement,TRES BAS
INC00000501,2024-04-14,Information procédure modification limite découvert,TRES BAS
INC00000502,2024-05-31,Question accès module intelligence artificielle,TRES BAS
INC00000503,2024-06-17,Demande explication algorithme scoring crédit,TRES BAS
INC00000504,2024-07-04,Information délai traitement réclamation client,TRES BAS
INC00000505,2024-08-21,Question utilisation fonction annotation document,TRES BAS
INC00000506,2024-09-07,Demande manuel utilisateur module compliance,TRES BAS
INC00000507,2024-10-24,Information procédure déclaration opération suspecte,TRES BAS
INC00000508,2024-11-10,Question configuration widget cours matières premières,TRES BAS
INC00000509,2024-12-27,Demande formation module machine learning,TRES BAS
INC00000510,2025-01-14,Information politique utilisation données client,TRES BAS
INC00000511,2025-02-01,Question utilisation fonction visualisation données,TRES BAS
INC00000512,2025-03-20,Demande guide configuration intelligence métier,TRES BAS
INC00000513,2025-04-07,Information procédure audit sécurité système,TRES BAS
INC00000514,2025-05-24,Question accès laboratoire innovation bancaire,TRES BAS
INC00000515,2023-01-27,Incident SAB : validation crédit coopérative agricole,MODERE
INC00000516,2023-02-13,Problème traitement ordre arbitrage portefeuille,MODERE
INC00000517,2023-03-02,Erreur validation financement équipement médical,MODERE
INC00000518,2023-04-19,Incident extraction données embargo international,MODERE
INC00000519,2023-05-06,Blocage temporaire validation option devise,MODERE
INC00000520,2023-06-23,Problème génération bilan consolidé IFRS,MODERE
INC00000521,2023-07-10,Incident SAB : transfert tutelle majeur protégé,MODERE
INC00000522,2023-08-27,Erreur traitement frais gestion portefeuille,MODERE
INC00000523,2023-09-13,Problème validation ouverture compte professionnel,MODERE
INC00000524,2023-10-30,Incident génération déclaration fiscale IS,MODERE
INC00000525,2023-11-16,Blocage validation renégociation crédit,MODERE
INC00000526,2023-12-03,Problème extraction rapport limite exposition,MODERE
INC00000527,2024-01-20,Incident traitement crédit-bail aéronautique,MODERE
INC00000528,2024-02-06,Erreur validation caution marchés publics,MODERE
INC00000529,2024-03-25,Problème synchronisation cours matières premières,MODERE
INC00000530,2024-04-11,Incident SAB : validation crédit photovoltaïque,MODERE
INC00000531,2024-05-28,Blocage traitement garantie bancaire internationale,MODERE
INC00000532,2024-06-14,Problème génération tableau flux trésorerie,MODERE
INC00000533,2024-07-01,Incident validation financement acquisition société,MODERE
INC00000534,2024-08-18,Erreur traitement produit dérivé complexe,MODERE
INC00000535,2024-09-04,Problème extraction données stress test EBA,MODERE
INC00000536,2024-10-21,Incident validation compte séquestre notaire,MODERE
INC00000537,2024-11-07,Blocage traitement swap cross currency,MODERE
INC00000538,2024-12-24,Problème génération reporting Pilier III,MODERE
INC00000539,2025-01-11,Incident SAB : transfert mandat gestion,MODERE
INC00000540,2025-02-28,Erreur validation financement énergies renouvelables,MODERE
INC00000541,2025-03-17,Problème traitement crédit impact social,MODERE
INC00000542,2025-04-04,Incident génération état ratio prudentiel,MODERE
INC00000543,2025-05-21,Blocage validation fusion acquisition bancaire,MODERE
INC00000544,2023-01-10,Demande création accès formation compliance,BAS
INC00000545,2023-02-27,Incident impression convention compte entreprise,BAS
INC00000546,2023-03-15,Problème accès module consultation réglementation,BAS
INC00000547,2023-04-02,Demande modification paramètre authentification,BAS
INC00000548,2023-05-19,Incident configuration notification réglementaire,BAS
INC00000549,2023-06-05,Problème synchronisation référentiel client,BAS
INC00000550,2023-07-22,Demande installation lecteur biométrique,BAS
INC00000551,2023-08-08,Incident mineur validation BIC international,BAS
INC00000552,2023-09-25,Problème configuration layout personnalisé,BAS
INC00000553,2023-10-12,Demande accès module formation digital banking,BAS
INC00000554,2023-11-29,Incident création template reporting automatique,BAS
INC00000555,2023-12-16,Problème synchronisation planning formation,BAS
INC00000556,2024-01-03,Demande activation service mobile banking,BAS
INC00000557,2024-02-20,Incident impression relevé opération terme,BAS
INC00000558,2024-03-09,Problème accès bibliothèque document technique,BAS
INC00000559,2024-04-26,Demande formation algorithme intelligence artificielle,BAS
INC00000560,2024-05-13,Incident configuration watermark document,BAS
INC00000561,2024-06-30,Problème synchronisation données marché financier,BAS
INC00000562,2024-07-17,Demande création dashboard performance,BAS
INC00000563,2024-08-04,Incident mineur validation code BIC,BAS
INC00000564,2024-09-21,Problème configuration authentification forte,BAS
INC00000565,2024-10-08,Demande accès module innovation fintech,BAS
INC00000566,2024-11-25,Incident création profil data scientist,BAS
INC00000567,2024-12-12,Problème synchronisation base machine learning,BAS
INC00000568,2025-01-29,Demande installation framework blockchain,BAS
INC00000569,2025-02-15,Incident configuration API bancaire,BAS